pincode,doctor_name,hospital,contact,slots
711204,Meera Sharma,HeartCare Clinic,9874255221,"['Monday 10:00 AM', 'Wednesday 2:00 PM', 'Friday 4:00 PM']"
711204,Rahul Mehta,Sunrise Hospital,8272977532,"['Tuesday 9:00 AM', 'Thursday 12:30 PM', 'Saturday 3:30 PM']"
711204,Ayesha Khan,City Hospital,8272917714,"['Sunday 11:00 AM', 'Sunday 1:00 PM', 'Sunday 5:00 PM']"
452010,Aman Mittal,Bluecare Hospital,8335053319,"['Tuesday 11:00 AM', 'Thursday 12:00 Noon', 'Saturday 6:30 PM']"
452010,Manmeet Gurjar,I-Care Hospital,9340490355,"['Sunday 11:00 AM', 'Sunday 3:00 PM', 'Sunday 8:00 PM']"
452010,Mohd. Ajaz,Bangalore Hospital,8670172231,"['Monday 09:00 AM', 'Wednesday 5:30 PM', 'Friday 7:30 PM']"
208011,Amit Singh,ILS Hospital,8670172231,"['Sunday 09:00 AM', 'Sunday 9:30 PM', 'Sunday 6:30 PM']"
208011,Mannu Panjabi,Mother Care Hospital,8670172231,"['Monday 11:00 AM', 'Wednesday 3:30 PM', 'Friday 9:30 PM']"
208011,Chandan Rajpoot,Raman Hospital,8670172231,"['Tuesday 08:30 AM', 'Thursday 2:30 PM', 'Saturday 8:30 PM']"
